artist,danceability,energy_i,loudness,speechiness,acousticness,instrumentalness,liveness,valence_i,tempo,valence_l,arousal,dominance,goodness,energy_l,structure,power,danger,scored_words,genre
$NOT,0.753,0.777,-5.701,0.32,0.0725,0.000714,0.125,0.669,157.148,0.1122997278911564,-0.079966,0.0137225510204081,0.1155389591836734,-0.0764483741496598,0.0006618367346938,0.0276411700680272,-0.1357554897959183,147,hip hop
$uicideboy$,0.7733,0.7163,-5.6885,0.14923,0.16481,0.000237373,0.1720999999999999,0.4478,132.78609999999998,0.091047839047061,-0.0654963495314675,0.0201304175497797,0.0981080037983454,-0.0576468840994939,-0.0060269677427462,0.0286102854828537,-0.1101353345880618,2708,hip hop
21 Savage,0.76275,0.6735,-7.47,0.18355,0.03631,0.0003639725,0.203,0.294,148.7905,0.1123999724834097,-0.0454261650800594,0.0558542629658563,0.130749937480733,-0.0251281560465383,-0.0094848259074422,0.0746858381949625,-0.1102224626800603,1415,hip hop
24kGoldn,0.701,0.716,-3.671,0.0361,0.174,0.0,0.324,0.732,91.007,0.08116,-0.0713459999999999,0.0084449999999999,0.08481619,-0.0672305699999999,-0.0058942599999999,0.012434825,-0.107513275,200,hip hop
2Pac,0.763,0.85,-3.052,0.0417,0.0304,1.21e-06,0.371,0.761,91.519,0.1130591556728232,-0.0808076886543535,0.0308318073878628,0.1245570052770448,-0.0679890316622691,-0.0112178232189973,0.0399995751978891,-0.1361506569920844,379,hip hop
4*TOWN ,0.905,0.631,-10.06,0.177,0.129,0.0,0.101,0.751,105.026,0.1033335353535353,-0.040029973063973,0.0382423063973064,0.1136351111111111,-0.0287773771043771,0.0012513939393939,0.0600034848484848,-0.1007008215488215,297,niche or unknown
50 Cent,0.902,0.72,-2.776,0.347,0.26,0.0,0.0749,0.805,90.059,0.0975851660516605,-0.06976673800738,0.0286826383763837,0.1085089778597786,-0.0575767047970479,-0.0111189926199262,0.0360144833948339,-0.1174403136531365,271,hip hop
A Boogie Wit da Hoodie,0.844,0.7205,-4.7575,0.06025,0.336,0.0,0.133,0.6819999999999999,132.5055,0.1466825895856662,-0.0938053337066069,0.0282443141097424,0.1542924577407615,-0.0854783504759238,-0.0004429172592385,0.0486588418952967,-0.1695435600643897,387,hip hop
A$AP Rocky,0.7143333333333333,0.597,-7.058666666666666,0.285,0.2142666666666667,1.49e-06,0.4639999999999999,0.422,144.21333333333334,0.1171214160417963,-0.0621832014533685,0.0309806437743067,0.1253559144126219,-0.0531903816434013,0.0007720453947586,0.0510286887321825,-0.1262513160693177,851,hip hop
AJR,0.68,0.696,-6.977,0.051,0.116,0.0,0.607,0.684,115.962,0.0716231718061674,-0.0431686431718061,-0.0033312114537445,0.0667025154185022,-0.0488458370044052,0.0130131277533039,0.0126264801762114,-0.0817049647577092,227,indie
Adele,0.569,0.5455,-5.7125,0.0371,0.3344999999999999,0.0,0.0797,0.34,115.0395,0.1427586714831466,-0.0364212613113646,0.0484274020894513,0.1520502293978533,-0.0265672570817848,0.0150533817406897,0.0887298680384105,-0.1263016102484472,639,pop
Andrew Gold,0.806,0.447,-10.181,0.0461,0.27,3.7e-06,0.335,0.914,77.033,0.0382459574468085,-0.0527266382978723,0.0055577659574468,0.0435816063829787,-0.0465890638297872,-0.0142767659574468,-0.0021266223404255,-0.0637602553191489,188,pop
Arctic Monkeys,0.5710000000000001,0.5663333333333332,-7.580666666666667,0.0399333333333333,0.046395,0.0275859666666666,0.1189,0.5303333333333333,99.91566666666668,0.1016042300621193,-0.063624505957916,0.0090404449217446,0.1016071271434315,-0.0637982046143691,0.0076787405520019,0.0267349059604823,-0.1169592256059613,1054,rock
Armani White,0.9,0.509,-6.647,0.257,0.115,1.67e-06,0.0937,0.765,100.007,0.1173876086956521,-0.0535529565217391,0.0439102173913043,0.1305213206521739,-0.0391034945652173,-0.0033025489130434,0.0646421413043478,-0.1199428532608695,184,hip hop
BIA,0.644,0.671,-5.156,0.315,0.0225,0.0,0.0855,0.563,132.001,0.118251375464684,-0.0413674869888475,0.038476970260223,0.1268321412639405,-0.0321331412639405,0.0074935055762081,0.0669622416356877,-0.1124053977695167,269,hip hop
BLACKPINK,0.8086666666666668,0.6816666666666666,-5.942333333333333,0.1158,0.0307566666666666,0.0,0.3436666666666667,0.641,140.705,0.1322179968764964,-0.066262305353021,0.0403980563903977,0.1435373102713338,-0.0538586289682121,-0.0007191853925236,0.0634123576161586,-0.1395799963177124,1116,pop
BTS,0.663,0.8294999999999999,-3.5405,0.1385,0.02775,0.0,0.1354,0.69,117.47050000000002,0.126322348734249,-0.0649518809172437,0.0314709436371892,0.1339520839127596,-0.0566764722159155,0.0033246675062436,0.0546420823092859,-0.1347947484745714,567,pop
Baby Keem,0.7382,0.6064,-6.2104,0.2300399999999999,0.140764,7.062e-06,0.246,0.27562,115.2464,0.1206386277981697,-0.0609157592441816,0.0291994784745809,0.1273469313984006,-0.0536712626128816,0.0043712616444208,0.0520965088643613,-0.1279992144331818,1486,hip hop
Bailey Zimmerman,0.5845,0.489,-7.3255,0.0308999999999999,0.3595,0.0,0.196,0.349,128.78549999999998,0.1014684126984127,-0.0753286984126984,0.0181607142857142,0.1076281777777777,-0.0684888398412698,-0.0050464711111111,0.0276756114285714,-0.124533513015873,276,country
Beach House,0.508,0.792,-7.311,0.0297,0.229,0.124,0.145,0.601,147.067,0.1329767320261438,-0.0644463921568627,0.0290508823529411,0.1384589052287581,-0.0586327156862745,0.0084486732026143,0.0564455620915032,-0.139364839869281,306,rock
Beach Weather,0.572,0.839,-5.083,0.0377,0.013,0.00976,0.522,0.465,143.969,0.12838,-0.0483831428571428,0.0125478571428571,0.1241453714285714,-0.0535930171428571,0.0263715942857142,0.0498880628571428,-0.1256800171428571,175,indie
Benny The Butcher,0.495,0.759,-9.14,0.468,0.575,0.0,0.17,0.503,156.627,0.1337367567567567,-0.0626811767151767,0.0373190124740124,0.1428319937629937,-0.0528154532224532,0.0040793534303534,0.0636512972972973,-0.1383436340956341,481,hip hop
Benson Boone,0.362,0.54,-6.031,0.0528,0.338,0.0,0.139,0.3,78.007,0.080503178807947,-0.0965554039735099,0.0043615562913907,0.0860477086092715,-0.0901381125827814,-0.0171346423841059,-0.002892417218543,-0.124582238410596,151,pop
Beyoncé,0.73725,0.652,-7.483249999999999,0.151925,0.0571531666666666,0.0047456591666666,0.2174,0.4374166666666666,118.901,0.1239751244403852,-0.0621238344527358,0.0404238987526975,0.1358124912223576,-0.0491154463167504,-0.0024227147145421,0.0613040404139989,-0.1307637851426563,3984,pop
Billie Eilish,0.3705,0.223,-12.09075,0.03925,0.865,0.002505,0.1162,0.1865,104.885,0.1158325862129545,-0.0615578446277215,0.0208273652126635,0.1192615617773488,-0.057972956407747,0.0074897139702699,0.0433375764706351,-0.1253237207139587,1365,pop
Blue Öyster Cult,0.333,0.927,-8.55,0.0733,0.0029,0.000208,0.297,0.385,141.466,0.0753108823529411,-0.0541865882352941,0.0172310294117647,0.0814314999999999,-0.0473775404411764,-0.0053905772058823,0.0240797757352941,-0.0910817683823529,272,rock
"Bobby ""Boris"" Pickett",0.541,0.504,-14.191,0.457,0.375,0.0,0.421,0.707,68.482,0.1232374850299401,-0.020343245508982,0.0321743413173652,0.1249648383233532,-0.018999239520958,0.0256764610778443,0.0749288982035928,-0.1017980239520958,167,niche or unknown
BoyWithUke,0.609,0.619,-5.677,0.311,0.749,0.0,0.264,0.689,179.71,0.1097681619937694,-0.0584488660436137,0.0221658722741433,0.1142038909657321,-0.0537150280373831,0.0053626199376947,0.0427721090342679,-0.1187366137071651,321,hip hop
Brent Faiyaz,0.5139999999999999,0.3574444444444444,-10.570777777777778,0.0898444444444444,0.6508333333333334,0.0006755077777777,0.1686444444444444,0.4124444444444444,120.68255555555557,0.133445312140729,-0.0484682784055984,0.050340067621619,0.1467261986327929,-0.033984085665306,0.0027175852826392,0.0797206669782998,-0.1277814833097982,1595,hip hop
Britney Spears,0.774,0.838,-3.914,0.114,0.0249,0.025,0.242,0.924,143.04,0.0896085714285714,-0.0210288571428571,0.0383592857142857,0.0989998571428571,-0.0108480914285714,0.0049639714285714,0.0623327142857142,-0.0776742399999999,175,pop
Bruce Springsteen,0.398,0.952,-6.042,0.061,0.000373,7.75e-05,0.1,0.584,122.093,0.0883703225806451,-0.067466,0.0348998387096774,0.1031996451612903,-0.0508383387096774,-0.0185531516129032,0.0370249387096774,-0.1089213129032258,310,rock
Bruno Mars,0.4775,0.4659999999999999,-6.583,0.03455,0.7225,0.0,0.11,0.2202,141.28949999999998,0.1492290269849507,-0.0739578266735858,0.0263125661650233,0.152597890460128,-0.0705567860448019,0.0129217380211036,0.058011740096869,-0.1577941955327798,305,pop
Bryson Tiller,0.765,0.356,-5.556,0.195,0.223,0.0,0.0963,0.189,96.991,0.1339048366013072,-0.0524627320261437,0.032080294117647,0.1389293039215686,-0.0472515359477124,0.0133368464052287,0.0648258986928104,-0.1316497647058823,306,hip hop
BØRNS,0.611,0.797,-7.627,0.0533,0.00543,0.00137,0.26,0.518,120.041,0.1528133333333333,-0.0671183809523809,0.0481164285714285,0.1651687,-0.0536658142857142,0.0033454857142857,0.078844419047619,-0.1547393380952381,210,rock
CORPSE,0.766,0.658,-7.014,0.26,0.00192,0.0,0.0919,0.476,133.085,8.497237569060669e-05,-0.0481151712707182,-0.0199782044198895,-0.0023591767955801,-0.0505405027624309,-0.0124214198895027,-0.0374058287292817,-0.0340693370165745,181,indie
Cafuné,0.423,0.913,-5.354,0.0655,6.53e-05,0.0,0.269,0.596,146.995,0.1212126732673267,-0.0474808514851485,0.0358103465346534,0.129019,-0.039094806930693,0.0074143663366336,0.063585905940594,-0.1188743861386138,202,indie
Cage The Elephant,0.636,0.676,-3.442,0.0263,0.0807,0.0,0.0831,0.273,113.98,0.1134133333333333,-0.068366,0.010345,0.1131425458333333,-0.06888655,0.0098424208333333,0.0312937291666666,-0.1287139583333333,240,rock
Calvin Harris,0.8494999999999999,0.764,-5.43,0.06225,0.218,2.9e-05,0.08235,0.7495,95.989,0.0996614121338912,-0.0294127730125522,0.0448406433054393,0.1120545232008368,-0.0158551196025104,0.0007372719822175,0.0680232265585774,-0.0904457407008368,639,pop
Camila Cabello,0.6925,0.6685,-7.0075,0.05765,0.262,5.85e-06,0.2129,0.702,137.4925,0.1451328087434206,-0.0804699706254166,0.0233726507228721,0.1486172027547291,-0.0768699356253016,0.0094390652596134,0.0507329860941917,-0.1594434886397591,591,pop
Cardi B,0.878,0.685,-5.28,0.225,0.00152,0.0,0.0753,0.523,157.003,0.1132681002087682,-0.0314190271398747,0.0510266283924843,0.1270839144050104,-0.0163272713987473,0.0018890334029227,0.0783167912317327,-0.1014070292275574,479,hip hop
Carlos Vives,0.668,0.712,-5.927,0.0381,0.369,2.13e-05,0.108,0.264,100.02,0.2453707284768211,-0.0407010993377483,0.0714277814569536,0.2523861589403973,-0.0339968543046357,0.0459411523178808,0.1544245894039735,-0.2025034569536424,151,pop
Carolina Gaitán - La Gaita,0.577,0.45,-8.516,0.0834,0.357,0.0,0.111,0.83,205.863,0.1156403773584905,-0.0953307798742138,0.0228858805031446,0.1251299591194968,-0.0846903144654088,-0.0124257830188679,0.0285950880503144,-0.1483653081761006,318,niche or unknown
Central Cee,0.911,0.573,-7.43,0.288,0.38,0.0,0.403,0.972,140.04,0.1285073972602739,-0.0506577808219178,0.0400121232876712,0.1378164767123287,-0.0406016246575342,0.0062767780821917,0.0687412342465753,-0.1261606315068493,730,niche or unknown
Charlie Puth,0.7969999999999999,0.517,-5.403499999999999,0.0464,0.679,6.6e-06,0.10105,0.6325000000000001,104.548,0.1694337329958873,-0.0797730310028471,0.0296354223347042,0.1725163920120215,-0.0767759707845618,0.0171243375672255,0.0676986871638721,-0.1762763316909206,726,pop
Chase Atlantic,0.666,0.542,-6.429,0.0392,0.27,0.0,0.0765,0.0771,120.134,0.1290586026200873,-0.0403415458515283,0.0270982751091703,0.130535231441048,-0.0391788427947598,0.0210569912663755,0.0645986724890829,-0.1200059781659388,229,r&b
Chief Keef,0.772,0.413,-8.193,0.089,0.0361,0.0,0.111,0.211,131.965,0.0936783240223463,-0.0488375083798882,0.0306550558659217,0.1029587597765363,-0.0386169273743016,-0.0029392402234636,0.0454965586592178,-0.1001091396648044,179,hip hop
Childish Gambino,0.645,0.3974999999999999,-11.3625,0.06675,0.0921999999999999,0.01686,0.0922,0.42,139.09199999999998,0.1290372638146167,-0.0474428270944741,0.036713426916221,0.1362059993315508,-0.0398218878119429,0.0105542102272727,0.0681538142825312,-0.1244705291889483,672,hip hop
Chris Brown,0.733,0.69,-5.529,0.0427,0.0635,1.18e-06,0.105,0.31,116.992,0.1150243548387096,-0.0432119677419354,0.0258127419354838,0.1182238870967742,-0.0400054435483871,0.0136678951612903,0.0553087701612903,-0.111885004032258,248,hip hop
Chris Stapleton,0.392,0.37,-10.888,0.0298,0.205,0.0096,0.0821,0.512,48.718,0.1320614606741573,-0.0359603820224719,0.0379208426966292,0.1376844662921348,-0.0301763033707865,0.0174263651685393,0.0760197556179775,-0.1186955140449438,356,country
Cigarettes After Sex,0.37,0.467,-9.013,0.0273,0.0205,0.572,0.109,0.182,94.485,0.0982016748768472,-0.0543428472906403,0.0057144581280788,0.0956811945812807,-0.0574007660098522,0.0134010738916256,0.0270683374384236,-0.1082452709359605,406,pop
Cochise,0.672,0.717,-7.476,0.226,0.103,0.0,0.398,0.473,157.905,0.1313503703703703,-0.1029141481481481,0.0108449999999999,0.1340343481481481,-0.099980074074074,-0.0007540962962962,0.0240799925925925,-0.1654732,135,hip hop
Coi Leray,0.916,0.824,-4.444,0.422,0.222,0.00108,0.0661,0.87,139.926,0.1423467953667953,-0.0734293204633204,0.0326712548262548,0.1496359961389961,-0.0655759305019305,0.0055395945945945,0.0594393552123552,-0.1521778108108108,259,hip hop
Coldplay,0.4816666666666666,0.5286666666666666,-8.003666666666668,0.0323333333333333,0.2838433333333333,0.01723441,0.1376666666666667,0.3416666666666666,115.20666666666666,0.1263562624614035,-0.0548617900064601,0.0416982548889863,0.1373980462210252,-0.0428129626812582,0.0017957764442613,0.0668817440731742,-0.127428439257545,902,pop
Conan Gray,0.437,0.6396666666666667,-6.2636666666666665,0.0566333333333333,0.2012966666666666,0.0,0.2510666666666666,0.477,128.71233333333333,0.1188843582290783,-0.0881568842301597,-0.0040636536438314,0.1138868576397565,-0.093898303908012,0.0115964993589693,0.0141340069240144,-0.1469263155382084,686,pop
Coolio,0.647,0.514,-10.05,0.0593,0.0655,0.0,0.398,0.386,79.975,0.1003698305084745,-0.0494185423728813,0.0459009322033898,0.1161642915254237,-0.0318988762711864,-0.0105571949152542,0.059584633898305,-0.1046964864406779,590,hip hop
Cordae,0.841,0.433,-7.699,0.175,0.0344,2.13e-06,0.121,0.332,115.868,0.1516139869281045,-0.072044431372549,0.0578972875816993,0.1695769934640523,-0.0522365555555555,-0.0066492679738562,0.0829722091503268,-0.1568458431372549,153,hip hop
Creedence Clearwater Revival,0.64,0.663,-7.516,0.0374,0.201,0.00806,0.152,0.663,132.77,0.0962724528301886,-0.0270980754716981,0.0870934276729559,0.1291224433962264,0.009500323899371,-0.028723393081761,0.0980210817610063,-0.0845856194968553,318,country
Cults,0.4,0.571,-6.534,0.0288,0.468,3.05e-05,0.519,0.146,61.859,0.0857072727272727,-0.0882283376623376,0.0075255194805194,0.0908220493506493,-0.0823829116883116,-0.0122874571428571,0.0059673428571428,-0.1224744311688311,385,pop
DJ Khaled,0.6662857142857143,0.7151428571428572,-4.461714285714286,0.1955285714285714,0.0386657142857142,0.0,0.3051428571428571,0.4942857142857143,131.83614285714287,0.0998031401760092,-0.0555338392046742,0.0314393119255264,0.1096262268312159,-0.0446934068384978,-0.0042004000401244,0.0459143983779181,-0.109120463359229,1894,hip hop
Daniel Caesar,0.658,0.294,-8.533,0.0321,0.422,5.2e-05,0.0749,0.358,74.038,0.1560952647975078,-0.0718694267912772,0.0459696105919003,0.1676792180685358,-0.059272906542056,0.0038039657320872,0.0766548193146417,-0.1604793956386292,321,r&b
Darius Rucker,0.537,0.66,-7.174,0.0296,0.455,0.0,0.135,0.574,148.096,0.1399881300813008,-0.0664673550135501,0.02494527100271,0.1428398292682927,-0.0636441300813008,0.0135273441734417,0.0559998428184281,-0.1460062140921409,369,country
Demi Lovato,0.322,0.698,-3.812,0.0542,0.00507,0.0,0.249,0.288,183.963,0.1528106451612903,-0.0981756774193548,0.0556595161290322,0.1734355,-0.0751998427419354,-0.018777,0.069463064516129,-0.1758117258064516,248,pop
Diane Guerrero,0.655,0.549,-12.696,0.0377,0.00434,0.903,0.131,0.266,120.304,0.1768876923076922,-0.0720006153846153,0.0508103846153846,0.1879873115384615,-0.0600734423076923,0.0103398423076923,0.0904487076923076,-0.1754054423076923,260,niche or unknown
Doja Cat,0.799625,0.61325,-5.89975,0.118775,0.2221125,0.0054531749999999,0.1666875,0.579125,118.00475,0.1369729688817609,-0.0761914729946797,0.0366466930589749,0.1473209660491095,-0.0648426222255561,-0.0012731981889235,0.0583209655872743,-0.1500222770785337,2096,pop
Dominic Fike,0.419,0.306,-15.255,0.107,0.849,0.0,0.125,0.33,93.885,0.0788030088495575,-0.0275721946902654,0.0148538495575221,0.0793288495575221,-0.0272653362831858,0.0124208982300884,0.0368144469026548,-0.0753734690265486,226,rock
Dove Cameron,0.345,0.612,-6.543,0.0608,0.232,0.0,0.194,0.232,179.773,0.1794860606060606,-0.0809053939393939,0.0433540909090909,0.1879717606060606,-0.0718767424242424,0.0118647121212121,0.0820915787878787,-0.1837406545454545,330,pop
Dr. Dre,0.8722,0.7682,-4.293,0.17728,0.074802,0.1804644,0.11398,0.5842,106.876,0.0918547590865767,-0.0647100797786635,0.0275808918765679,0.1022741964187725,-0.0530879853935507,-0.0103442109718137,0.0347798398242203,-0.1098576354082276,1499,hip hop
Drake,0.713925925925926,0.5444444444444444,-8.20711111111111,0.202237037037037,0.1192268888888889,0.0059848866666666,0.2043962962962963,0.3042851851851851,124.72714814814816,0.1064074169128942,-0.0543612335273617,0.0275592113313774,0.1132872489455042,-0.0468827735777572,0.0022687937404623,0.0469550225545303,-0.1132573221765731,7886,hip hop
Dua Lipa,0.702,0.825,-3.787,0.0601,0.00883,0.0,0.0674,0.915,102.977,0.1670381395348837,-0.0331055348837209,0.0689457751937984,0.182402472868217,-0.0165813333333333,0.0143370038759689,0.1172532325581395,-0.1407028255813953,258,pop
ERNEST,0.527,0.461,-5.908,0.0269,0.118,0.0,0.0831,0.227,128.153,0.1170042424242424,-0.0748750909090909,-5.803030303030438e-05,0.1122079696969696,-0.0804689878787878,0.0151770787878787,0.0224427939393939,-0.1362432242424242,165,country
Eagles,0.575,0.67,-10.39,0.0318,0.343,4.95e-06,0.129,0.74,139.191,0.1353490036900369,-0.0839327896678966,0.0084833763837638,0.1335164870848708,-0.0862377453874538,0.0131289741697417,0.0334310553505535,-0.1553896752767527,271,rock
Earth,0.674,0.832,-7.892,0.0308,0.146,5.06e-06,0.138,0.981,125.996,0.1413788439306358,-0.0821394104046242,0.0133074277456647,0.1407788497109826,-0.0831048728323699,0.0136668208092485,0.0407816416184971,-0.1583096473988439,173,jazz
Ed Sheeran,0.704,0.6759999999999999,-4.9335,0.059,0.347025,7.5e-06,0.1996,0.53575,123.979,0.139262779719232,-0.0571521206127139,0.0321931766865535,0.1443114664695642,-0.051913886009342,0.0132652081875608,0.0653349205575634,-0.1387522919092292,795,pop
Elton John,0.667,0.75,-4.602,0.0906,0.0746,0.000198,0.197,0.486,126.041,0.1300058620689655,-0.0832763448275862,0.0180432758620689,0.1334058017241379,-0.0796615431034482,0.0043476293103448,0.038003,-0.1506613275862069,116,rock
Elvis Presley,0.465,0.27,-16.661,0.0425,0.9,0.00104,0.145,0.58,94.518,0.1433255882352941,-0.0770248235294117,0.0195582352941176,0.1447056102941176,-0.0758070073529411,0.0130797132352941,0.0487185808823529,-0.1559259926470588,136,rock
Em Beihold,0.742,0.527,-6.892,0.0769,0.327,0.0,0.25,0.638,84.974,0.1136422340425531,-0.0576255744680851,0.0361375531914893,0.1241529441489361,-0.0460796409574468,-0.0019594707446808,0.0552061170212766,-0.1203726462765957,376,niche or unknown
Eminem,0.7531428571428572,0.7327142857142858,-4.559571428571429,0.2035714285714285,0.08042,6.0428571428571424e-05,0.1736428571428571,0.4660285714285714,127.37628571428571,0.1063222685986424,-0.0620466864877624,0.0265262687936314,0.1138641165837837,-0.0537699405894623,-0.0012489791341743,0.0424929522687641,-0.1185351706393915,2621,hip hop
Eurythmics,0.694,0.825,-5.986,0.111,0.0895,1.86e-05,0.0618,0.788,121.949,0.1217861224489796,-0.0695119183673469,0.0404521428571428,0.1350388112244898,-0.0548463979591836,-0.0075152602040816,0.0567044948979591,-0.1342691479591836,196,rock
Eyedress,0.474,0.921,-10.431,0.0457,0.00491,0.85,0.476,0.696,93.01,0.1004166197183098,-0.0534624788732394,0.0252147183098591,0.1068502218309859,-0.0464566478873239,0.0015089683098591,0.0427046373239436,-0.1084043450704225,284,pop
Fitz and The Tantrums,0.545,0.968,-3.553,0.0853,0.0387,0.00325,0.331,0.527,169.965,0.1457543902439024,-0.0838440487804878,0.0327596341463414,0.1541768414634146,-0.0746641036585365,0.0014321402439024,0.056223975609756,-0.1618150304878049,164,rock
Fivio Foreign,0.5369999999999999,0.7090000000000001,-6.385999999999999,0.246,0.0648499999999999,0.0,0.2875,0.3325,146.5805,0.1103593805744785,-0.0551253791698855,0.0281011556289065,0.1170754861717817,-0.0478498189409368,0.0033686219397429,0.0489499434861998,-0.1166197865580448,636,hip hop
Fleetwood Mac,0.828,0.492,-9.744,0.0276,0.0644,0.00428,0.128,0.789,120.151,0.1240506401766004,-0.0637297969094922,0.0258052649006622,0.1290801037527593,-0.0583771633554083,0.006806770419426,0.0499944922737306,-0.1325523156732891,453,rock
Foo Fighters,0.413,0.881,-5.541,0.0367,5.99e-05,0.000308,0.0805,0.364,158.066,0.1200820881670533,-0.0662908259860788,0.0070630974477958,0.1170124269141531,-0.0700172250580046,0.0164223271461716,0.0332305777262181,-0.1322499466357308,431,rock
Frank Ocean,0.7400000000000001,0.552,-7.122,0.1416333333333333,0.2508666666666667,0.0006059333333333,0.248,0.472,125.50366666666667,0.1087614920971145,-0.0575597208605001,0.0281204954914387,0.1160682519752259,-0.0495928625635973,0.0012646099840906,0.0470051896602802,-0.117140101692167,1448,hip hop
Freddie Dredd,0.802,0.623,-5.862,0.459,0.0292,0.055,0.113,0.457,74.987,0.0175022929936305,-0.0492080382165604,-0.0039448089171974,0.0205655859872611,-0.0455286815286624,-0.015732356687898,-0.0176516305732484,-0.0467356878980891,157,hip hop
Future,0.7874666666666666,0.5926666666666667,-5.918866666666667,0.22098,0.0688946,0.033147294,0.16612,0.3308266666666666,123.80513333333332,0.1253361935771657,-0.045038246321154,0.0481568396064476,0.1381592742529217,-0.0310442522525814,0.0022133748375727,0.0757417257819945,-0.1196449578283637,3266,hip hop
GAYLE,0.695,0.54,-5.692,0.0493,0.299,0.0,0.367,0.415,121.932,0.094411718061674,-0.03228318061674,0.0202855286343612,0.0961282026431718,-0.0306972202643171,0.013575295154185,0.04626659030837,-0.0896790925110132,227,pop
Gerry Rafferty,0.783,0.322,-15.091,0.0343,0.213,0.00243,0.114,0.77,128.226,0.1572349019607843,-0.0855346274509804,0.0325508823529411,0.1642443333333333,-0.078003294117647,0.0061436960784313,0.0609816470588235,-0.1712949607843137,102,rock
Gesaffelstein,0.658,0.671,-12.21,0.0363,0.0933,0.000927,0.115,0.166,100.966,0.1307530263157894,-0.0425120526315789,0.0166903947368421,0.127312384868421,-0.0468819868421052,0.0278527039473684,0.0568728519736842,-0.1231740296052631,304,niche or unknown
Ghost,0.466,0.9,-4.469,0.0447,0.000235,0.00104,0.103,0.561,130.02,0.1118179746835442,-0.0668824556962025,0.0357209493670886,0.123759182278481,-0.0536518177215189,-0.0075896531645569,0.049573311392405,-0.125448529113924,395,rock
Giveon,0.5275,0.489,-8.86,0.06575,0.313,5.1e-07,0.2294999999999999,0.36,84.49350000000001,0.1149300466853408,-0.0855995887296094,0.018361875377602,0.1208854342835173,-0.0790008549870928,-0.0043461839127807,0.029616789380458,-0.141340931345087,415,r&b
Glass Animals,0.761,0.525,-6.9,0.0944,0.44,6.7e-06,0.0921,0.531,80.87,0.1185455526992288,-0.067870884318766,0.0232614524421593,0.1237192544987146,-0.0622946169665809,0.0036698766066838,0.0434336966580976,-0.1315316966580977,389,rock
GloRilla,0.795,0.814,-3.945,0.4,0.0736,0.0,0.117,0.68,160.039,0.117055,-0.0492159999999999,0.03383,0.124733795,-0.04093675,0.0058447599999999,0.0592534399999999,-0.1171467799999999,200,hip hop
Gorillaz,0.695,0.923,-3.93,0.0522,0.0425,0.0469,0.116,0.551,108.014,0.0987410294117647,-0.0607307058823529,0.0409148529411764,0.1140465183823529,-0.0436749375,-0.0140667904411764,0.0497601617647058,-0.1115259154411764,272,hip hop
Gucci Mane,0.688,0.842,-4.211,0.264,0.0499,0.0,0.241,0.416,159.897,0.0402081368821292,-0.010114288973384,0.0229894866920152,0.0473045133079848,-0.0022955285171102,-0.0021215171102661,0.0318261292775665,-0.0350724714828897,263,hip hop
Gunna,0.8413333333333334,0.5621666666666666,-7.264083333333333,0.2183916666666666,0.117025,0.0006207333333333,0.1646,0.4911666666666667,120.26716666666668,0.1135421783640543,-0.0541289871102863,0.037751204148912,0.1243212106063906,-0.0423041365361512,-0.0012130796913042,0.057994784955973,-0.1178218870019657,2430,hip hop
Guns N' Roses,0.446,0.952,-5.321,0.0523,0.0901,0.0857,0.112,0.624,125.303,0.1361890909090909,-0.0596523636363636,0.0137540909090909,0.133153525,-0.0634822272727272,0.0231329386363636,0.0492650181818181,-0.1390424659090909,440,rock
Halsey,0.576,0.627,-4.649,0.0449,0.0385,0.0,0.181,0.311,164.998,0.1482829045643153,-0.0716050041493776,0.0369570331950207,0.1565536639004149,-0.0626943526970954,0.0064202199170124,0.0663685186721991,-0.1550317759336099,241,pop
Harry Styles,0.6063125,0.5505625,-7.0115625,0.052525,0.4223125,0.0686651662499999,0.1707125,0.5103875,129.3021875,0.1386503620163147,-0.0789335786343677,0.0231083204833101,0.1426617407408598,-0.0747116265068967,0.0073590021888439,0.0480479560500105,-0.1537061867269326,5337,pop
Ice Cube,0.459,0.404,-18.964,0.259,0.176,2.76e-05,0.694,0.323,152.135,0.1129676237623762,-0.0776367920792079,0.0197930198019801,0.118690353960396,-0.0713424579207921,-0.0019305173267326,0.0334799851485148,-0.1343734504950495,404,hip hop
Imagine Dragons,0.75,0.7665,-4.047000000000001,0.15575,0.12855,0.0,0.254,0.571,95.536,0.0830617603294183,-0.0468957225211735,0.0278724764868279,0.0921599360067381,-0.0368298801553507,-0.005040611099153,0.0391241791072013,-0.0912095913153338,712,rock
Internet Money,0.8,0.658,-6.142,0.079,0.25,0.0,0.111,0.462,140.042,0.1185697435897436,-0.0688098228438228,0.0230244871794871,0.1237662564102564,-0.063201648018648,0.0033329487179487,0.0428256317016316,-0.132206268065268,429,hip hop
Isabel LaRosa,0.398,0.705,-7.07,0.0756,0.204,5.13e-05,0.443,0.635,111.487,0.1248439846743294,-0.0520445440613026,0.0438335057471264,0.1366991513409962,-0.0390898793103448,0.0011374252873563,0.069020162835249,-0.1243015957854406,522,pop
J. Cole,0.7238,0.5548,-9.1158,0.23174,0.1230199999999999,0.01568,0.19468,0.379,122.13020000000002,0.1222296022455995,-0.052075953703948,0.033223313283208,0.129338043882479,-0.0444505592950585,0.0071780918886282,0.0600244889624983,-0.1228870845439659,1626,hip hop
JAY-Z,0.763,0.382,-11.698,0.0468,0.626,0.877,0.106,0.635,92.79,0.1104024924012158,-0.0680070334346504,0.0162948480243161,0.1133527902735562,-0.0648847522796352,0.004500509118541,0.0342720607902735,-0.1260329559270517,658,hip hop
JID,0.6523333333333333,0.5416666666666666,-8.609666666666667,0.3686666666666666,0.1077,4.2866666666666666e-06,0.1786666666666666,0.3959999999999999,122.62666666666668,0.0767106001144063,-0.0540855334862624,0.0367669171215376,0.0920299935376636,-0.0369270438617587,-0.0181216896758432,0.03896361290783,-0.0911864062851644,938,hip hop
JVKE,0.515,0.593,-4.801,0.0322,0.653,0.162,0.25,0.153,94.467,0.1647158490566037,-0.069098075471698,0.0416044339622641,0.1726094009433962,-0.0607278301886792,0.012442646226415,0.0791122075471698,-0.1649943820754717,212,pop
Jack Harlow,0.7906875,0.5676875,-7.3069375,0.1849812499999999,0.15458875,0.01112217125,0.1967375,0.512625,118.510375,0.1271807792874393,-0.0603526781188165,0.0359487694903416,0.1361623601300363,-0.0505914478974124,0.0031575193355783,0.0605077150016705,-0.1320548426147682,3465,hip hop
Jax,0.586,0.556,-7.639,0.0592,0.00655,0.0,0.0836,0.517,167.018,0.1205465961945031,-0.053703843551797,0.0368830549682875,0.1298893784355179,-0.0435412262156448,0.0029655644820295,0.0610573467230443,-0.1226339471458773,473,niche or unknown
Jaymes Young,0.671,0.673,-6.941,0.0444,0.148,5.29e-05,0.304,0.494,121.963,0.1031909375,-0.0562316249999999,0.0191965625,0.10676271875,-0.0524462109375,0.005471359375,0.0384076015624999,-0.11257775,128,pop
Jessica Darrow,0.651,0.5834999999999999,-8.294,0.3145,0.01695,1.595e-06,0.042,0.3855,180.065,0.1508348812664907,-0.0619026754617414,0.0535864248021108,0.1653143060686015,-0.0460818364116095,0.0014744960422163,0.0843100686015831,-0.1494796253298153,758,niche or unknown
Joji,0.5706666666666667,0.5258333333333333,-8.473166666666666,0.0702166666666666,0.5695,0.31183413,0.2586166666666666,0.1794333333333333,111.355,0.1173904029018027,-0.0654678791859824,0.0252232338048156,0.1233071313806885,-0.0590643619443474,0.0030759827759098,0.0454264482192001,-0.1289560968703793,1473,pop
Jordan Davis,0.586,0.559,-6.725,0.05,0.639,0.0,0.0872,0.437,177.945,0.1643704761904761,-0.1012279047619047,0.0470735714285714,0.1797420571428571,-0.0842162809523809,-0.0089997142857142,0.0675468904761904,-0.1866467476190476,210,country
Journey,0.4605,0.6855,-8.19,0.0416,0.13075,0.0067,0.275,0.2694,124.621,0.1378672816728167,-0.0699646838868388,0.03862512300123,0.1481158842804428,-0.0587754332718327,0.0011852576137761,0.0631732287822878,-0.1462942352398524,421,rock
Juice WRLD,0.6160714285714286,0.6190714285714286,-6.788857142857142,0.1224714285714285,0.136635,0.0024289028571428,0.2025714285714286,0.3036857142857143,129.95785714285714,0.09283223382463,-0.0484058259394907,0.0182684378388954,0.0962006003217375,-0.044840561569848,0.0054227843270576,0.0363170181740937,-0.0997311417432949,4297,hip hop
Jung Kook,0.512,0.76,-5.889,0.0682,0.299,0.0,0.103,0.495,130.096,0.1461307537688442,-0.0858202713567839,0.0640409798994974,0.1698559748743718,-0.0593970502512562,-0.0210100653266331,0.0781062010050251,-0.1621063618090452,199,pop
Justin Bieber,0.7146666666666667,0.637,-7.336333333333333,0.0785,0.3153333333333333,2.72e-05,0.2014666666666666,0.709,134.00833333333333,0.1576716077684334,-0.0610020403069563,0.0370748920409515,0.1631358884959934,-0.055380129880135,0.0166065384281056,0.0761948161037811,-0.1545141832217904,440,pop
Kanye West,0.6462222222222223,0.6311111111111111,-5.834888888888889,0.1564888888888888,0.0796044444444444,6.065444444444445e-05,0.2696666666666666,0.3712222222222222,111.66411111111113,0.1203523265089509,-0.0624041517821146,0.0338803911464259,0.1295753382222257,-0.0523160808526864,0.0001992153199747,0.0546305096589546,-0.1286166453950507,3368,hip hop
Kate Bush,0.679,0.594,-11.135,0.108,0.0377,2.13e-05,0.124,0.361,144.937,0.1331868965517241,-0.0639684630541871,0.0382095320197044,0.1429780443349753,-0.0533070492610837,0.002501566502463,0.063406921182266,-0.1387944926108374,406,rock
Kay Flock,0.87,0.835,-5.875,0.311,0.0353,0.0,0.142,0.901,140.051,0.0814946198830409,-0.0536560584795321,0.0320847660818713,0.093843783625731,-0.0398739824561403,-0.0123754269005847,0.0381623157894736,-0.0945527485380117,171,niche or unknown
Kendrick Lamar,0.6577200000000001,0.58292,-8.36532,0.2222319999999999,0.3772568799999999,0.000570402,0.147984,0.50652,120.69264,0.1076782049017621,-0.0608197022166548,0.0428443687999623,0.1227075673504082,-0.0441279061907099,-0.0111711069081569,0.055564170185661,-0.1179704883771774,12479,hip hop
Kenny Loggins,0.544,0.897,-6.056,0.0471,0.241,0.0,0.13,0.647,157.17,0.1163595620437956,-0.0230243941605839,0.0737209124087591,0.1394255182481752,0.0024080875912408,-0.0076886204379562,0.1002914452554744,-0.0968859197080292,137,rock
Kevin Gates,0.77,0.699,-6.59,0.199,0.0596,1.65e-05,0.17,0.696,81.003,0.1116497674418604,-0.0588915813953488,0.0319426744186046,0.1206017255813953,-0.0490803813953488,-0.0007128232558139,0.0505731860465116,-0.1199833395348837,215,hip hop
Khalid,0.553,0.727,-6.905,0.0348,0.0254,0.0113,0.107,0.286,173.972,0.1880660927152317,-0.0521911655629139,0.0694608940397351,0.2036620860927152,-0.0354025827814569,0.0136348675496688,0.1189774900662251,-0.1690442052980132,151,pop
Kid Cudi,0.7163999999999999,0.678,-6.5274,0.0584,0.3158999999999999,0.179024458,0.2077399999999999,0.4631999999999999,129.7644,0.1132765309626658,-0.0514204407096702,0.037006910748984,0.1233289654072975,-0.0404305967316523,0.0006486430713145,0.0586179520584779,-0.1157954946962139,1648,hip hop
King Von,0.7805,0.473,-12.611,0.2915,0.0889,0.43300377,0.10905,0.6765,144.998,0.0807730576180576,-0.0400156732996733,0.0361941758241758,0.0931618687035937,-0.0262773587912087,-0.008116959065934,0.0472944589248589,-0.0844562757128007,519,hip hop
Kodak Black,0.825,0.414,-6.634,0.144,0.00265,0.0,0.357,0.106,72.993,0.0810957894736842,-0.0317554736842105,0.0509818421052631,0.0993259210526315,-0.0114974605263157,-0.0136460263157894,0.0621040263157894,-0.0783639657894737,380,hip hop
Labrinth,0.5366,0.4822,-7.5846,0.0824999999999999,0.188768,0.1914478,0.1480199999999999,0.2482,129.5688,0.112862480257039,-0.0592790758853718,0.0521237407936052,0.1314222011639404,-0.0386534244319248,-0.0142439322358874,0.0655973864693741,-0.1202616202073574,1358,pop
Lana Del Rey,0.508,0.535,-7.918,0.0437,0.48985,0.040753265,0.1275,0.1154999999999999,123.2475,0.1200572469775475,-0.0434311468048359,0.0259242055267702,0.1226570511018998,-0.040928590835924,0.0158780235889464,0.0577907198894645,-0.1156725366770293,761,pop
Latto,0.935,0.807,-3.838,0.114,0.0514,0.0,0.349,0.813,106.017,0.1463178378378378,-0.1109051891891892,0.0286895945945945,0.1567453108108108,-0.099286804054054,-0.0102432027027027,0.0406292499999999,-0.181042027027027,148,hip hop
Lauren Spencer Smith,0.684,0.449,-9.738,0.611,0.869,0.0,0.0881,0.341,66.165,0.1491575700934579,-0.0748351588785046,0.0467982710280373,0.1625290654205607,-0.0601639439252336,-0.0017001495327102,0.0723830280373831,-0.1574678037383177,107,niche or unknown
Leah Kate,0.322,0.697,-6.846,0.0402,0.0854,0.962,0.553,0.0592,154.56,0.0914145991561181,-0.0662487004219409,0.0137268565400843,0.0954543966244725,-0.061797493670886,-0.0018511814345991,0.0237990548523206,-0.1111938396624472,237,niche or unknown
Lewis Capaldi,0.501,0.405,-5.679,0.0319,0.751,0.0,0.105,0.446,109.891,0.1434143629343629,-0.0969949575289575,0.0168392084942084,0.146455583011583,-0.0937712818532818,0.0041114305019305,0.0372533629343629,-0.1698660521235521,518,pop
Liana Flores,0.483,0.129,-20.149,0.0349,0.947,0.145,0.106,0.203,137.35,0.1064525738396624,-0.1084427932489451,0.0128534388185654,0.1143229873417721,-0.0994813375527426,-0.0170547721518987,0.0104946540084388,-0.1511824556962025,237,indie
Lil Baby,0.7701666666666668,0.5446666666666666,-6.95325,0.3172166666666666,0.0411216666666666,2.62975e-05,0.1759666666666667,0.2562916666666666,130.58233333333334,0.1293648743886087,-0.0635472701605366,0.0356193233983916,0.1383671598822342,-0.0537540530156872,0.0026877164007787,0.0598304567490412,-0.1358502433453395,2933,hip hop
Lil Durk,0.7385,0.6145,-7.828250000000001,0.217175,0.0299285,9.325e-07,0.182,0.42375,131.27249999999998,0.1196527651106739,-0.0401567459131106,0.0454837583971269,0.1312347657650194,-0.0275593775273292,0.0039974207816806,0.0733095345179132,-0.1122844036700042,967,hip hop
Lil Nas X,0.7293999999999999,0.6085999999999999,-7.2248,0.15348,0.111128,0.0,0.12744,0.6922,141.74319999999997,0.1322293034920985,-0.046515254422612,0.0447694212081062,0.1427025808923128,-0.0351986493245944,0.007037322275968,0.0760167289800317,-0.1257951575989897,1884,hip hop
Lil Peep,0.538,0.471,-9.84,0.0955,0.0946,0.0185,0.116,0.307,93.07,0.1379918343195266,-0.0601938106508875,0.0346112721893491,0.1448320473372781,-0.0529098520710059,0.0093343402366863,0.0649988254437869,-0.1398246597633136,338,hip hop
Lil Tecca,0.704,0.537,-8.565,0.302,0.223,0.0,0.122,0.7,77.444,0.1730902941176471,-0.057576294117647,0.0648670588235294,0.1893204411764706,-0.0399470588235294,0.0067037132352941,0.1056229411764706,-0.1621165735294117,136,hip hop
Lil Tjay,0.70525,0.5587500000000001,-7.60875,0.166225,0.18205,3.375e-07,0.1332499999999999,0.3117499999999999,117.46225,0.1095584837386281,-0.0578021905381621,0.0311241146104459,0.1182387753420837,-0.0482917936516199,-0.0005552171295952,0.0494599805814803,-0.1177548799568057,875,hip hop
Lil Uzi Vert,0.7177142857142857,0.6594285714285714,-5.871857142857143,0.1019,0.1439271428571428,0.0006771428571428,0.0967714285714285,0.3820714285714285,127.94871428571427,0.1142622415363322,-0.0519795398327008,0.0352368296142725,0.1234116950008937,-0.0420086636648267,0.0020344106101727,0.0575606023487551,-0.1169698475506727,1347,hip hop
Lil Yachty,0.695,0.555,-8.5,0.0509,0.141,0.826,0.11,0.26,150.024,0.1269119727891156,-0.0654013741496598,0.0340626870748299,0.1357761700680272,-0.0557364081632653,0.0015765306122448,0.0565965918367346,-0.1354198367346939,147,hip hop
Lizzo,0.8625,0.596,-6.967499999999999,0.1793,0.0654,0.0,0.19655,0.8165,123.4535,0.0915143573667711,-0.0633317680250783,0.0207428056426332,0.0984825064576802,-0.0556034520062695,-0.0050460252664576,0.0303200309717868,-0.1089552045768025,565,hip hop
Lord Huron,0.545,0.366,-9.51,0.0378,0.969,0.267,0.641,0.1,86.997,0.1084690829694323,-0.0454943842794759,0.01620307860262,0.1082768515283842,-0.0460522489082969,0.0159084104803493,0.0439994279475982,-0.1091272139737991,229,indie
Lucky Daye,0.65,0.555,-5.971,0.0719,0.502,0.0,0.104,0.352,103.081,0.0918807092198581,-0.0307106808510638,0.0175045744680851,0.0923685886524822,-0.0305037021276595,0.0151375815602836,0.0437450851063829,-0.0868838368794326,141,r&b
Luke Combs,0.5455,0.55925,-6.4325,0.02875,0.26955,0.2227521675,0.086325,0.427,111.82,0.1205525488072832,-0.0863557231151031,0.0119427133998363,0.1227641469098284,-0.0840013213722029,0.0023513075011381,0.0274094357234249,-0.1462052953714844,728,country
Lynyrd Skynyrd,0.596,0.605,-12.145,0.0255,0.181,0.000331,0.0863,0.886,97.798,0.109231677852349,-0.0866102953020134,0.0404523825503355,0.126749144295302,-0.0669506040268456,-0.0228364362416107,0.0422839228187919,-0.1369664395973154,298,rock
MKTO,0.72,0.791,-4.689,0.124,0.0384,0.0,0.157,0.756,102.071,0.1401348223350254,-0.0714253908629441,0.0415328172588832,0.1516922461928934,-0.0587659974619289,-0.00052930964467,0.0657087639593908,-0.1488164593908629,394,pop
Mac DeMarco,0.501,0.765,-7.063,0.0281,0.00294,0.49,0.184,0.46,91.771,0.1598570491803278,-0.074793868852459,0.0547630327868852,0.1755980737704918,-0.0575188114754098,-0.0020476885245901,0.083494606557377,-0.1648385409836065,122,indie
Mac Miller,0.628,0.723,-5.6626666666666665,0.1495666666666666,0.12898,0.0006447666666666,0.1081666666666666,0.355,120.72933333333332,0.1183743002439549,-0.0645650343450288,0.0216325002989643,0.1222934657422687,-0.0604229467332161,0.0065116017313027,0.0437490346711989,-0.1292000405141589,742,hip hop
Machine Gun Kelly,0.5516666666666666,0.7587777777777779,-5.378222222222222,0.0717111111111111,0.0734951111111111,0.0001724222222222,0.2570444444444444,0.4446666666666666,137.45833333333334,0.0896083655998144,-0.0598569125508574,0.0191298404013508,0.0955409285238869,-0.0533069501713847,-0.0029526519648898,0.0298638776326684,-0.1052513324206861,1649,hip hop
Mariah Carey,0.548,0.871,-4.253,0.0708,0.00113,0.0,0.765,0.64,128.136,0.1971232098765432,-0.0780968641975308,0.057161049382716,0.2094319382716049,-0.0648881037037037,0.0123186024691358,0.1022078962962963,-0.193973587654321,405,pop
Marshmello,0.645,0.525,-5.399,0.0355,0.0574,0.0,0.505,0.238,83.018,0.1232186363636363,-0.0477046363636363,0.0362029545454545,0.1309739147727272,-0.0393865454545454,0.0079810397727272,0.0647619829545454,-0.1204630284090909,176,pop
Masked Wolf,0.778,0.695,-6.865,0.0913,0.175,0.0,0.15,0.472,149.996,0.0678085714285714,-0.059616,0.007745,0.0711961428571428,-0.0558027142857142,-0.0054031071428571,0.0108846999999999,-0.0898017499999999,140,hip hop
Megan Moroney,0.38,0.488,-6.637,0.029,0.126,7.23e-06,0.115,0.268,156.031,0.1774730555555555,-0.0241535,0.0915116666666666,0.2009414652777778,0.0013729930555555,0.00866275,0.1430578055555555,-0.1411161736111111,144,country
Megan Thee Stallion,0.8805,0.6578333333333334,-6.063166666666667,0.2705,0.1080483333333333,6.328333333333333e-06,0.1503333333333333,0.6195,137.22883333333334,0.1181816705391711,-0.0559644057310871,0.0333910518914758,0.1265033472449643,-0.0469220716835448,0.0030079736931116,0.0562724129383684,-0.122630295338358,1423,hip hop
Meghan Trainor,0.838,0.525,-3.562,0.0665,0.345,1.92e-06,0.0771,0.884,144.981,0.1530953846153846,-0.0647833076923076,0.0406430769230769,0.1614659519230769,-0.0558356057692307,0.0099002019230769,0.0746918365384615,-0.1536553269230769,104,pop
Metallica,0.5525,0.831,-8.760000000000002,0.0324,0.00172,0.2145,0.10825,0.5915,114.273,0.0834880245456691,-0.0550078429222417,0.0211127375138432,0.0904852978250213,-0.0472551180352571,-0.0046020133394455,0.0305683401581307,-0.0973971863755197,717,rock
Michael Jackson,0.774,0.8554999999999999,-4.863,0.06375,0.08735,0.00010525,0.8685,0.8245,118.51,0.0744499074074074,-0.0426095185185185,0.0131505555555555,0.0769947291666666,-0.0399007083333333,0.0033175694444444,0.0262293587962962,-0.0826575393518518,864,r&b
Migos,0.817,0.816,-5.402,0.269,0.00263,0.0,0.159,0.508,181.982,0.1000837735849056,-0.0461112830188679,0.0332053773584905,0.109311716981132,-0.0360068056603773,-0.0001474245283018,0.0518343490566037,-0.1027557433962264,530,hip hop
Miguel,0.684,0.607,-8.127,0.1,0.0267,0.000307,0.191,0.498,81.001,0.1788533333333333,-0.090226,0.0624116666666666,0.1979915933333333,-0.0691345933333333,-0.0066433866666666,0.0911155733333333,-0.1888866933333333,150,r&b
Mike Dimes,0.895,0.467,-5.78,0.378,0.347,0.0,0.214,0.433,118.016,0.1549250549450549,-0.0852462197802197,0.0516911538461538,0.171420521978022,-0.0670210054945054,-0.0079864285714285,0.0738215604395604,-0.1686035824175824,182,hip hop
Miley Cyrus,0.652,0.698,-4.667,0.042,0.00112,0.000115,0.0886,0.47,96.021,0.1473896385542168,-0.090478048192771,0.0406642771084337,0.1603852228915662,-0.0761131626506024,-0.0068458734939759,0.0595892168674698,-0.1672296325301205,166,pop
Mitski,0.613,0.822,-4.087,0.026,0.0092,0.506,0.429,0.567,105.997,0.1391331531531531,-0.0768218558558558,0.0415236786786786,0.1516286306306306,-0.0630634504504504,-0.0039429519519519,0.0626249519519519,-0.1518102132132132,333,indie
Morgan Wallen,0.57025,0.6745,-5.6975,0.0319124999999999,0.493,9.1425e-06,0.18275,0.52,127.950375,0.1416628629379401,-0.0730406996038847,0.0230689483753976,0.1443646450760557,-0.0703516499405236,0.0120380073038223,0.0523350761061758,-0.1518273422621161,1556,country
Mother Mother,0.326,0.866,-4.541,0.101,0.0044,7.37e-06,0.0912,0.172,178.181,0.0678742731277533,-0.013181859030837,0.0499331057268722,0.0846281365638766,0.0053667797356828,-0.0091228634361233,0.0636360176211453,-0.0560462643171806,227,indie
Mr.Kitty,0.585,0.595,-10.444,0.0328,0.0696,0.266,0.0837,0.039,140.037,0.1574488524590164,-0.0782643606557377,0.0203138524590163,0.1574525114754098,-0.078672806557377,0.0186365114754098,0.0557055967213114,-0.1669658918032786,305,niche or unknown
Musical Youth,0.805,0.418,-14.374,0.0979,0.459,0.0,0.288,0.966,149.724,0.1373486274509804,-0.0758130588235294,0.039845,0.1491285529411765,-0.0628565411764705,-0.0030901843137254,0.0610035019607843,-0.149896094117647,255,reggae
My Chemical Romance,0.363,0.67,-6.652,0.0552,0.000582,0.548,0.317,0.198,150.15,0.1109271698113207,-0.0661943018867924,0.0274544339622641,0.1189074905660377,-0.0574232132075471,-0.0019469056603773,0.0434758943396226,-0.1246846622641509,530,rock
NAV,0.8254999999999999,0.6485000000000001,-5.2620000000000005,0.224,0.023595,0.0,0.1195,0.428,145.5625,0.1015805886044815,-0.0639699777449833,0.0423013126558444,0.1176502020847115,-0.0460487890862212,-0.0154294116923651,0.0506297583329092,-0.1157526484996522,586,hip hop
NLE Choppa,0.885,0.678,-6.456,0.359,0.044,0.0,0.0899,0.755,127.935,0.0954429629629629,-0.0359474814814814,0.0371042592592592,0.1056626296296296,-0.0247675061728395,0.0004874629629629,0.0572014691358024,-0.0922280061728395,162,hip hop
Nardo Wick,0.704,0.5429999999999999,-8.3165,0.475,0.0769799999999999,0.0,0.1755,0.416,121.7515,0.0915198351648351,-0.0380192231852654,0.0266586124438941,0.0975551329322086,-0.0315135838685961,0.0046770548289738,0.0466983953722334,-0.091265283218542,466,hip hop
Neon Trees,0.471,0.924,-3.906,0.0586,0.00301,0.0,0.313,0.725,154.961,0.1279216666666666,-0.066291,0.04187,0.1405395083333333,-0.0523990833333333,-0.0038028249999999,0.062324675,-0.1364282,120,rock
Nicki Minaj,0.892,0.6343333333333333,-6.316,0.1622333333333333,0.2790333333333333,0.29234024,0.1793333333333333,0.8119999999999999,131.07266666666666,0.1053319899023496,-0.0520504390623849,0.024737474651059,0.1106549192455365,-0.0463344004641211,0.0049574284891071,0.0454814648393907,-0.1110082353123815,920,hip hop
Nicky Youre,0.768,0.714,-5.11,0.0401,0.352,0.0,0.15,0.842,131.443,0.1606942857142857,-0.0627755238095238,0.0353211904761904,0.1651671904761905,-0.0582761488095238,0.0182930892857142,0.0755833511904761,-0.1579982916666666,168,pop
Nigo,0.6725000000000001,0.571,-7.662,0.1714999999999999,0.1655,0.0,0.3894999999999999,0.35,144.4665,0.1194724623115577,-0.0796644924623115,0.0571766582914572,0.1426078391959798,-0.0537873266331658,-0.025673552763819,0.0628055728643216,-0.1388723316582914,398,niche or unknown
Nirvana,0.4645,0.5565,-8.8,0.04405,0.37251275,0.1315865,0.1075,0.3933999999999999,110.9895,0.0896257146248812,-0.0679100289648622,0.0117254012345679,0.093193990562678,-0.0639677799738841,-0.0022333568376068,0.0206660219610636,-0.111130148385565,999,rock
Noah Kahan,0.662,0.488,-6.894,0.0682,0.782,0.0,0.102,0.817,117.913,0.1148721568627451,-0.0779529281045751,0.0176946732026143,0.119372339869281,-0.073044545751634,0.0002530653594771,0.0327586339869281,-0.1360592581699346,306,indie
Offset,0.7395,0.513,-7.647499999999999,0.1649999999999999,0.0996,5.03e-05,0.1435,0.338,139.7485,0.1203466289971538,-0.0583232430102126,0.064099635442826,0.1435086628473966,-0.0325664537397455,-0.0183930526326803,0.0784479276536078,-0.1245039210509794,445,hip hop
Oliver Tree,0.6435,0.616,-5.9135,0.06445,0.0994,0.000535,0.1315,0.384,112.4945,0.1196407886904762,-0.0695537232142857,0.0325195535714285,0.129373364360119,-0.0588389994791666,-0.0031001462797619,0.0498753026041666,-0.1330862102678571,338,hip hop
Olivia Rodrigo,0.5385,0.483,-7.803625,0.1192375,0.510025,3.8675e-06,0.177725,0.2784875,149.07025,0.120648699651109,-0.0617069999914929,0.0178724643849761,0.1220209652637269,-0.0604660530095463,0.0117463731680191,0.0435258595479801,-0.1290377786783372,3468,pop
Omah Lay,0.817,0.72,-8.134,0.0809,0.172,0.000726,0.109,0.384,119.989,0.144275358649789,-0.070472329113924,0.0167521729957805,0.1431965654008438,-0.0720736118143459,0.0190375316455696,0.050291523206751,-0.1522190126582278,237,niche or unknown
Omar Apollo,0.681,0.349,-7.891,0.0297,0.344,0.929,0.11,0.239,81.998,0.0983949659863945,-0.0444421904761904,0.0285456802721088,0.1053606462585033,-0.0368864217687074,0.0031641156462585,0.048418544217687,-0.1005838163265306,147,pop
OneRepublic,0.704,0.797,-5.927,0.0475,0.0826,0.000745,0.0546,0.825,139.994,0.1152657142857142,-0.0359183809523809,0.0331485714285714,0.120874613095238,-0.0300496666666666,0.0127055952380952,0.0642228333333333,-0.1067195892857142,168,rock
PARTYNEXTDOOR,0.595,0.678,-5.18,0.0335,0.0199,0.00389,0.418,0.259,117.067,0.1151005673758865,-0.0652567801418439,0.0043981914893617,0.1112726453900709,-0.0698140992907801,0.0164395035460992,0.0293155177304964,-0.1280477092198581,141,hip hop
PSY,0.762,0.869,-3.287,0.13,0.0793,0.0,0.137,0.747,132.05,0.0711358441558441,-0.0649400259740259,0.0525203246753246,0.0964198246753246,-0.0364533506493506,-0.0375529935064935,0.0424026428571428,-0.0939555454545454,154,hip hop
Panic! At The Disco,0.506,0.817,-5.051,0.0335,0.00272,0.0,0.0486,0.506,109.952,0.1315796472663139,-0.068971291005291,0.031571631393298,0.139141467372134,-0.0607766049382716,0.0035784779541446,0.0554122663139329,-0.1413634197530864,567,rock
Paramore,0.728,0.76,-6.884,0.0396,0.00433,0.00585,0.13,0.674,123.045,0.1158555364806867,-0.0756455422031473,0.0292570171673819,0.1254431974248927,-0.0650298054363376,-0.005982861230329,0.0427186967095851,-0.1346847496423462,699,rock
Pharrell Williams,0.864,0.6895,-4.462,0.1358,0.172105,7.722500000000001e-05,0.07485,0.5285,101.5625,0.1064751180311401,-0.0564470949271722,0.0322975163234555,0.1159382373832245,-0.046045893556002,-0.0020991323606228,0.0494213094676042,-0.1145400488849824,637,pop
Pierce The Veil,0.403,0.965,-2.238,0.0964,3.81e-05,0.000276,0.341,0.431,112.363,0.0749363862928348,-0.0363865607476635,0.0318107320872274,0.0854686697819314,-0.0247284704049844,-0.0059107165109034,0.0429497570093457,-0.077921137071651,321,pop
Playboi Carti,0.7050000000000001,0.7400000000000001,-6.275000000000001,0.1806666666666666,0.1577666666666666,0.0,0.2036666666666666,0.4206666666666667,152.01733333333334,0.1302831935921794,-0.0629024857980429,0.0355045824237455,0.1390087952509237,-0.0534307952489799,0.0035571848663297,0.0605127512290142,-0.1360753095440043,660,hip hop
PnB Rock,0.638,0.6,-5.84,0.0438,0.114,0.0,0.187,0.0399,101.981,0.1362475438596491,-0.0587905614035087,0.0133274561403508,0.1328699429824561,-0.0630118026315789,0.0239244517543859,0.0493971535087719,-0.1385092324561403,228,hip hop
Polo G,0.7602,0.6033999999999999,-6.5448,0.269,0.191,0.0,0.1294,0.3802,121.97759999999998,0.1014249474098091,-0.0560755941194111,0.0260225122871998,0.1085001786973169,-0.0483355129157513,1.0608838365914076e-05,0.0425428190395314,-0.1108995683888971,2112,hip hop
Pooh Shiesty,0.759,0.538,-8.256,0.384,0.151,0.0,0.126,0.831,146.933,0.0653987192118226,-0.0339462955665024,0.0281996798029556,0.0751283596059113,-0.023151408866995,-0.0066539359605911,0.0367532019704433,-0.0694943054187192,203,hip hop
Pop Smoke,0.823,0.586,-6.606,0.2,0.114,0.0,0.193,0.347,125.971,0.1149652216748768,-0.039069448275862,0.0653942610837438,0.1366088325123152,-0.0151211724137931,-0.0113646945812807,0.0859046650246305,-0.1072893054187192,406,hip hop
Porter Robinson,0.55,0.648,-6.542,0.0309,0.0191,0.0,0.0999,0.323,156.957,0.0974316129032258,-0.0722434193548387,0.028761129032258,0.1087839354838709,-0.059553064516129,-0.0125962322580645,0.0348115161290322,-0.1190321419354838,155,pop
Post Malone,0.5827333333333333,0.5724,-7.0248,0.06516,0.2301533333333333,0.063454006,0.1725466666666666,0.3426466666666667,119.49153333333334,0.113996018300747,-0.0564997530397613,0.0301493099797475,0.1214075963828354,-0.0484534888347482,0.0029477015340987,0.0515863340856466,-0.1201099083890946,3330,hip hop
Pusha T,0.656,0.743125,-3.83275,0.2453,0.1887025,0.09676710375,0.2537625,0.52325,123.9685,0.1052020514418452,-0.0572493417913447,0.0360554221918515,0.1167675708235033,-0.044467552430416,-0.0057333121447902,0.051123803601941,-0.1140104376926719,2535,hip hop
Rainbow Kitten Surprise,0.744,0.516,-6.365,0.0513,0.632,0.0,0.605,0.281,97.944,0.0771391591591591,-0.0358038378378378,0.028920075075075,0.0858925765765765,-0.026166057057057,-0.0025489639639639,0.0422329849849849,-0.0792374654654654,333,indie
Ray Parker Jr.,0.788,0.846,-5.017,0.0372,0.0103,0.000281,0.26,0.738,115.636,0.1256036162361623,-0.0660988413284132,0.0112066236162361,0.1237473136531365,-0.0684933616236162,0.016313073800738,0.0390704206642066,-0.135934704797048,271,niche or unknown
Red Hot Chili Peppers,0.417,0.682,-5.071,0.0295,0.0267,0.000669,0.109,0.351,105.542,0.0874288977955911,-0.0578177034068136,0.0310193486973947,0.0990776653306613,-0.0448315991983967,-0.0110722705410821,0.0383577114228456,-0.1017592144288577,499,rock
Rex Orange County,0.6245,0.542,-7.2355,0.05235,0.287,8.75e-07,0.224,0.6405000000000001,114.9515,0.1294506766917293,-0.082144947368421,0.0202840977443609,0.1338361045112782,-0.0774247330827067,0.0031553740601503,0.0398888691729323,-0.1493839616541353,323,pop
Rick James,0.838,0.794,-8.245,0.0531,0.22,0.0,0.0575,0.962,132.446,0.1124004545454545,-0.0737614545454545,0.0112995454545454,0.113532971590909,-0.0726590113636363,0.0057602329545454,0.0289022556818181,-0.1316575795454545,176,niche or unknown
Rihanna,0.707,0.813,-4.515,0.0571,0.0863,0.0,0.168,0.722,124.921,0.1268941414141414,-0.0821983232323232,0.0483348989898989,0.1451397979797979,-0.0618546565656565,-0.0174161464646464,0.0588913787878787,-0.1463672272727272,198,pop
Roar,0.247,0.438,-8.478,0.0358,0.0447,0.000867,0.111,0.39,185.711,0.0530455737704917,-0.0547802076502732,-0.0101058196721311,0.0491299672131147,-0.0591351366120218,0.0024685136612021,-0.0070746994535519,-0.076554956284153,183,indie
Rockwell,0.755,0.502,-9.2,0.0476,0.0483,0.864,0.141,0.975,124.123,0.1247912449799196,-0.0590382891566265,0.0364152811244979,0.1341267991967871,-0.0488730080321285,0.0024099959839357,0.0602835261044176,-0.1294004297188755,249,niche or unknown
Rod Wave,0.6355,0.5205,-10.6905,0.07055,0.0462,1.795e-05,0.1128,0.384,164.0075,0.12732375,-0.0747785,0.0206371874999999,0.131068990625,-0.0708164697916666,0.005909915625,0.0426049557291666,-0.1427546145833333,352,hip hop
Roddy Ricch,0.7576,0.5609999999999999,-8.141200000000001,0.261,0.058914,1.1158e-05,0.1452,0.4333999999999999,131.4932,0.1084599865427079,-0.0700348873327557,0.0274892620190636,0.1173669252111783,-0.0601794708099145,-0.0052435863122067,0.0404376109156785,-0.1255442330953427,929,hip hop
Rosa Walton,0.49,0.738,-7.399,0.0367,0.00237,4.58e-06,0.0851,0.126,124.966,0.1092916883116883,-0.0643556103896104,0.0258424025974025,0.1164443532467532,-0.0565192571428571,-0.0006165168831168,0.0423733792207792,-0.1223037999999999,385,niche or unknown
SALES,0.725,0.446,-8.958,0.0287,0.85,0.243,0.107,0.311,90.024,0.0884149775784753,-0.0459166726457399,0.0451140582959641,0.104937394618834,-0.0275293452914798,-0.0138227174887892,0.0547356547085201,-0.0936681031390134,223,indie
SZA,0.614,0.5266666666666667,-8.398333333333333,0.1022666666666666,0.3866666666666666,0.0007775333333333,0.3279666666666667,0.4436666666666666,115.871,0.1175182986656849,-0.0618298637554337,0.0303906930147087,0.125361925107181,-0.0532819881802749,0.0015607208645436,0.0509681697509624,-0.1263203298914266,806,hip hop
Sabrina Carpenter,0.601,0.247,-15.146,0.0586,0.623,0.907,0.105,0.0387,148.028,0.1139460056657223,-0.0433739320113314,0.0269781444759206,0.1178776997167138,-0.0393353059490084,0.0122613626062322,0.0555378243626062,-0.1111663371104815,353,pop
Sam Smith,0.714,0.472,-7.375,0.0864,0.013,4.51e-06,0.266,0.238,131.121,0.1179205594405594,-0.0332107552447552,0.0467610839160839,0.1293163251748251,-0.0208599405594405,0.0060749265734265,0.0766902342657342,-0.1061906503496503,286,pop
Saweetie,0.84,0.766,-4.12,0.136,0.00302,3.61e-06,0.0684,0.402,94.018,0.1310429629629629,-0.0620141481481481,0.0245894444444444,0.1342777555555555,-0.0587361703703703,0.0119224333333333,0.053415974074074,-0.1364814,270,hip hop
Selena Gomez,0.6,0.389,-5.727,0.0337,0.566,0.0,0.0826,0.244,143.577,0.1404163636363636,-0.0724114545454545,0.043945,0.1532438818181818,-0.0583167636363636,-0.0025934909090909,0.0671235727272727,-0.1495960090909091,110,pop
Shawn Mendes,0.5005,0.4884999999999999,-8.843,0.0351,0.3204,7.3e-05,0.3370999999999999,0.3218,112.705,0.134524380587484,-0.0622839278416347,0.0191037005108556,0.1346840792624521,-0.0624878275063856,0.0172182594987228,0.0510504090038314,-0.1394215839719029,390,pop
SiM,0.408,0.875,-1.536,0.0546,1.68e-05,0.000101,0.264,0.646,144.975,0.0794398540145985,-0.0047579708029197,0.0856296715328467,0.1105435948905109,0.0298231131386861,-0.0235882700729927,0.0992542591240876,-0.0570780182481751,274,niche or unknown
Ski Mask The Slump God,0.847,0.916,-5.757,0.222,0.101,0.000766,0.118,0.751,104.018,0.1289498795180722,-0.0358575662650602,0.0326100602409638,0.132425048192771,-0.0324741506024096,0.0196524518072289,0.0706759638554217,-0.1166013493975903,166,hip hop
Sleepy Hallow,0.8185,0.5469999999999999,-6.0625,0.2625,0.6595,0.0,0.1154999999999999,0.6565000000000001,78.991,0.1019814492753623,-0.0672589347826086,0.0196777898550724,0.1075965282608695,-0.0610904393115942,-0.001448164673913,0.0328847268115942,-0.119279648731884,350,hip hop
Smino,0.78,0.622,-6.583,0.111,0.154,9.53e-05,0.135,0.528,147.929,0.0686143283582089,-0.0703988358208955,0.0054420149253731,0.0723936044776119,-0.0660759328358208,-0.0093082089552238,0.0044672462686567,-0.0979127164179104,134,r&b
Southside,0.744,0.608,-6.386,0.0442,0.0295,0.0,0.397,0.0692,130.045,0.1322601724137931,-0.0855823793103448,0.0480389655172413,0.1501372586206896,-0.0656630474137931,-0.016490948275862,0.0597322456896551,-0.1525938232758621,232,hip hop
Stephanie Beatriz,0.5296666666666666,0.5496666666666666,-8.371,0.1591333333333333,0.308,0.0,0.0987333333333333,0.3896666666666666,148.66299999999998,0.1753601726976585,-0.0836287512913287,0.0493285971851451,0.1876911398578591,-0.0702267564225718,0.0042929077028264,0.0830598253285325,-0.1823754768096895,654,niche or unknown
Stephen Sanchez,0.551,0.55,-5.339,0.0286,0.777,0.0,0.202,0.342,101.19,0.1399247852760736,-0.0745242822085889,0.0317161656441717,0.1472478711656441,-0.0666107791411042,0.0044426503067484,0.0570190245398773,-0.1512208773006135,163,niche or unknown
Steve Lacy,0.603,0.6032,-7.229999999999999,0.04998,0.41402,0.272953264,0.2136,0.6586000000000001,132.81199999999998,0.1214422473199683,-0.0631285180102846,0.0264869964149565,0.1270656786142822,-0.0570955120130727,0.0054177935195708,0.0494763594588749,-0.1302215984117687,1334,niche or unknown
Sueco,0.61,0.894,-3.956,0.129,0.00317,0.0,0.0539,0.65,96.622,0.0510819108280254,-0.0730679108280254,0.0179023248407643,0.0636481210191083,-0.0587267898089171,-0.0277276305732484,0.0034798152866242,-0.0865321210191082,157,hip hop
Suki Waterhouse,0.364,0.554,-9.076,0.0301,0.077,0.000297,0.125,0.257,150.079,0.1257139901477832,-0.0454389064039408,0.0332095320197044,0.1313496748768473,-0.0395379852216748,0.0124706896551724,0.0649206502463054,-0.1208358620689655,203,pop
Surf Curse,0.345,0.941,-9.918,0.0466,3.84e-05,0.633,0.0511,0.407,179.626,0.0942979190751445,-0.073509352601156,0.0052900867052023,0.0949674739884393,-0.0728212080924855,0.0013813583815028,0.0156597225433526,-0.1186445606936416,173,indie
Swedish House Mafia,0.553,0.659,-7.295,0.0391,0.0027,0.0,0.105,0.105,120.146,0.1283043243243243,-0.0672242582582582,0.0214125675675675,0.1311610930930931,-0.064320006006006,0.0099616726726726,0.0472637837837837,-0.138226039039039,333,pop
THE ANXIETY,0.679,0.323,-13.903,0.174,0.00337,0.863,0.115,0.968,190.753,0.1573133333333333,-0.0629154949494949,0.0511934848484848,0.1699089696969697,-0.0492480707070707,0.0056681818181818,0.0853201313131313,-0.1549673888888889,198,pop
TV Girl,0.6145,0.888,-6.096500000000001,0.08435,0.334503765,0.0028385,0.2224999999999999,0.5674999999999999,104.9675,0.1331955479680213,-0.0415982160226515,0.0278392538307794,0.1346525828947368,-0.0404738297176882,0.0218397541264157,0.0665944399608594,-0.1238331028730846,699,indie
Tame Impala,0.5635,0.667,-6.3295,0.03135,0.1354,0.0015295,0.0992,0.304,102.461,0.0918857938144329,-0.0567247113402061,0.0221568041237113,0.0984973480309278,-0.0494451382268041,-0.0022415508659793,0.0346851446597938,-0.1046111223402061,638,rock
Tate McRae,0.63725,0.5177499999999999,-7.3665,0.1268,0.354,0.223756035,0.12205,0.440575,136.70274999999998,0.1269447834374011,-0.0705262196938749,0.0250903062929165,0.1322505170961785,-0.0648337215889107,0.0049790208964233,0.0476708150108848,-0.1393595687982272,852,pop
Taylor Swift,0.59465625,0.50090625,-9.36396875,0.08206875,0.3659380625,0.0162700996875,0.136803125,0.317578125,117.332625,0.1294154625855662,-0.0618435120419814,0.0280736491797653,0.1345239370652614,-0.0564469639920332,0.008837523002645,0.0552087131465716,-0.1350368067017107,16346,pop
Tears For Fears,0.407,0.681,-9.118,0.383,0.0114,0.0,0.271,0.323,84.001,0.0863985463659147,-0.0386126165413533,0.0555367293233082,0.1071224812030075,-0.0155314786967418,-0.0179848771929824,0.0647646140350877,-0.0867294962406015,399,rock
The 1975,0.646,0.85,-5.466,0.0428,0.363,4.01e-05,0.0994,0.819,96.538,0.124655,-0.0825576666666666,0.0298366666666666,0.1343544583333333,-0.0718218666666666,-0.0059418666666666,0.0442171333333333,-0.145788675,120,rock
The Backseat Lovers,0.329,0.444,-9.973,0.0417,0.0578,0.0352,0.113,0.225,162.279,0.0742941025641025,-0.0642865128205128,-0.0070332051282051,0.0703807307692307,-0.0687017884615384,0.0053309935897435,0.0011871858974358,-0.0983461794871794,156,indie
The Chainsmokers,0.601,0.787,-6.178,0.031,0.0492,0.0,0.142,0.525,134.981,0.0911251612903226,-0.0696111612903225,0.009103064516129,0.0934806720430107,-0.0670320107526881,-0.0006374139784946,0.0187019301075268,-0.1134995537634408,186,pop
The Citizens of Halloween,0.569,0.508,-12.823,0.0502,0.768,0.0,0.145,0.647,167.624,0.0970733333333333,-0.0557859999999999,0.0139916666666666,0.0989068466666666,-0.0539243466666666,0.0063740666666666,0.0318073133333333,-0.1080680066666666,150,niche or unknown
The Game,0.716,0.551,-6.987,0.47,0.167,0.0,0.197,0.305,82.393,0.1195891269841269,-0.0256842539682539,0.0553668253968253,0.1337762916666666,-0.0102512658730158,0.0050473571428571,0.0873453630952381,-0.101842869047619,504,hip hop
The Goo Goo Dolls,0.315,0.715,-8.072,0.0362,0.00125,7.97e-06,0.0942,0.497,155.925,0.1384121766561514,-0.0633729400630914,0.0519711829652996,0.1540270031545741,-0.0461890189274448,-0.0041539022082018,0.076252905362776,-0.1415741009463722,317,rock
The Kid LAROI,0.376,0.657,-4.658,0.0768,0.0858,0.0,0.0884,0.203,80.565,0.1393025806451612,-0.0528961075268817,0.0205493010752688,0.1381048817204301,-0.054721005376344,0.0236234892473118,0.058961317204301,-0.1363484569892473,186,hip hop
The Killers,0.352,0.911,-5.23,0.0747,0.00121,0.0,0.0995,0.236,148.033,0.116368,-0.0618339999999999,0.0257209999999999,0.1221210659999999,-0.055633362,0.0042247039999999,0.0470138539999999,-0.125691358,500,rock
The Lumineers,0.549,0.715,-7.01,0.0356,0.359,0.0,0.101,0.555,134.074,0.1332530263157894,-0.068357447368421,0.0365851315789473,0.1429085526315789,-0.0578192401315789,0.0012600164473684,0.0601671875,-0.1419359934210526,304,rock
The Neighbourhood,0.5916666666666667,0.632,-5.926666666666667,0.0321666666666666,0.0552333333333333,0.0557056666666666,0.17,0.3683333333333333,101.017,0.1376547630463993,-0.0640911524691599,0.036865133670776,0.1462079610315975,-0.054849726896785,0.0054968701227916,0.0646000169567129,-0.1421692509449794,1023,rock
The Notorious B.I.G.,0.901,0.697,-3.439,0.28,0.145,0.0,0.287,0.67,93.941,0.0890557314974182,-0.0484289948364888,0.0246642771084337,0.0960213356282271,-0.040790156626506,-0.0008006626506024,0.0390543235800344,-0.0967403012048192,581,hip hop
The Rare Occasions,0.309,0.883,-3.825,0.0808,0.0673,0.00111,0.0849,0.312,159.488,0.1391378947368421,-0.0627730175438596,0.071330380116959,0.1638836842105263,-0.0353152397660818,-0.0168137076023391,0.0909116432748538,-0.1408549766081871,171,indie
The Walters,0.575,0.648,-4.891,0.0358,0.583,0.0,0.115,0.466,75.977,0.1540522891566265,-0.0484720240963855,0.0464413855421686,0.1626478373493975,-0.0393875361445783,0.0152535662650602,0.0871581686746987,-0.142860626506024,166,indie
The Weeknd,0.58648,0.65352,-6.9217200000000005,0.078572,0.21028008,0.011671334,0.236804,0.436508,121.3382,0.1153475583788618,-0.061436860281993,0.0235832865501963,0.1201512919859956,-0.0563017819273244,0.0054256212459549,0.045148395795875,-0.1247711656466021,8738,pop
ThxSoMch,0.73,0.785,-6.512,0.0554,0.0464,0.0216,0.111,0.649,94.094,0.1000273933649289,-0.0577527298578199,0.0160961848341232,0.1027650284360189,-0.054877289099526,0.0052650663507109,0.0338617393364929,-0.1114699573459715,211,r&b
Tom Odell,0.445,0.537,-8.532,0.04,0.695,1.65e-05,0.0944,0.131,122.769,0.1533845801526717,-0.0588591297709923,0.0375549236641221,0.1593443664122137,-0.0526681603053435,0.0153940305343511,0.0754314122137404,-0.1499154656488549,131,pop
Tory Lanez,0.645,0.534,-10.8,0.0479,0.157,0.0,0.0863,0.463,105.02,0.1414071356783919,-0.0509207738693467,0.0366992713567839,0.1474022361809045,-0.0446721055276381,0.0145829396984924,0.0726411155778894,-0.1358170201005025,199,hip hop
Travis Scott,0.841,0.728,-3.37,0.0484,0.0847,0.0,0.149,0.43,130.049,0.0982334818941504,-0.0542445515320334,0.0252823259052924,0.1051139860724234,-0.0467170167130919,-7.610027855151072e-06,0.0412928635097493,-0.107360782729805,359,hip hop
Trippie Redd,0.7083333333333334,0.6483333333333333,-5.767,0.0883333333333333,0.0543333333333333,3.366666666666667e-05,0.347,0.367,100.167,0.1239383440077722,-0.0646375363766313,0.0449067985037221,0.138314225611537,-0.0487532919332182,-0.0068978717715236,0.063329063776833,-0.1322767167149336,560,hip hop
Tyga,0.799,0.653,-5.453,0.037,0.019,0.0,0.0935,0.236,104.019,0.1137382938388625,-0.0588475165876777,0.0049018720379146,0.1093814644549763,-0.0640359241706161,0.0189342322274881,0.0320641421800947,-0.1226245781990521,211,hip hop
Tyler,0.482,0.5988333333333333,-7.373666666666666,0.06705,0.2931166666666667,2.4980000000000005e-05,0.4096666666666667,0.574,122.33733333333332,0.1280647205073524,-0.0748331120839628,0.02405678483908,0.1333633596716512,-0.0691259594754243,0.0038791523917262,0.0454226753569372,-0.1431815694251356,2251,hip hop
Tyler Childers,0.5605,0.562,-7.0235,0.02545,0.579,0.00140485,0.11,0.858,82.685,0.1439201420399457,-0.0776418774481287,0.0303276449486135,0.1504957276517355,-0.0705728920520651,0.0056102506423308,0.0565139251260422,-0.1563191209642234,407,country
Vacations,0.498,0.81,-4.065,0.0263,0.00392,0.00717,0.0635,0.594,79.935,0.111054074074074,-0.0639141481481481,0.0139412962962962,0.1121713629629629,-0.0628877407407407,0.0086636814814814,0.0348488074074074,-0.1237854,135,indie
Van Morrison,0.491,0.583,-10.964,0.0376,0.185,0.0,0.406,0.908,150.566,0.1287925,-0.0932472499999999,0.0093364772727272,0.1296553664772727,-0.0924142471590909,0.00433025,0.0263333352272727,-0.15702696875,352,rock
Vance Joy,0.484,0.731,-6.694,0.0379,0.431,0.0,0.151,0.51,101.654,0.1406395744680851,-0.0647425957446808,0.035722659574468,0.1483331932624113,-0.0564826010638297,0.0073558634751773,0.0649481489361702,-0.1448266436170212,564,rock
Vundabar,0.467,0.757,-5.093,0.033,0.0807,0.908,0.0876,0.433,82.282,0.0890430372492836,-0.0550519598853868,0.0207017335243553,0.0950918280802292,-0.0484003553008596,-0.0016869770773638,0.0330157621776504,-0.1014643323782235,349,rock
WILLOW,0.764,0.705,-5.279,0.0278,0.0371,1.94e-05,0.0943,0.672,101.003,0.1264987969924812,-0.0892066015037593,0.0336043984962406,0.1387535864661654,-0.0755591278195488,-0.0112788796992481,0.0446852030075188,-0.151542030075188,133,pop
Waka Flocka Flame,0.76,0.595,-6.366,0.0391,0.00544,0.0,0.241,0.361,131.497,0.114256923076923,-0.0676736923076923,0.0482373076923076,0.1320092307692307,-0.0479085461538461,-0.0154753961538461,0.0594680692307692,-0.1272210538461538,260,hip hop
Walker Hayes,0.647,0.765,-6.459,0.06,0.111,0.0,0.315,0.855,79.994,0.0988535632183907,-0.0620924367816092,0.025132356321839,0.1067493333333333,-0.0533720689655172,-0.0038847988505747,0.0377434425287356,-0.1132228678160919,174,country
Wham!,0.735,0.478,-12.472,0.0293,0.189,2.48e-06,0.355,0.947,107.682,0.0928848991354466,-0.0661187377521613,0.0128709365994236,0.0962928616714697,-0.0623887435158501,-0.0004878040345821,0.0239737291066282,-0.1122048357348703,347,rock
XXXTENTACION,0.7726666666666667,0.4778333333333333,-9.166166666666667,0.1956999999999999,0.4065266666666667,0.0012695483333333,0.1758333333333333,0.4425,116.1055,0.0768839937000781,-0.0457445565389988,0.022532126093093,0.0840814945363011,-0.0377897623075042,-0.0036888375406383,0.0327331526557791,-0.0861759827074721,1709,hip hop
YG,0.898,0.58,-7.632,0.26,0.0101,0.0,0.169,0.661,84.018,0.0903219913419913,-0.0671088571428571,0.0241004112554112,0.0996330692640692,-0.0567093722943723,-0.0099871558441558,0.0303516233766233,-0.1105507835497835,231,hip hop
Yeat,0.7038571428571428,0.6198571428571429,-8.037142857142857,0.1859428571428571,0.11465,3.937142857142857e-06,0.2578571428571428,0.3598571428571429,127.38142857142856,0.1131804606546942,-0.0543479912525958,0.0473544778324857,0.1286645416845026,-0.0372211977030084,-0.0081196853537461,0.0646601350649308,-0.1172989256138045,1560,hip hop
Yot Club,0.372,0.537,-7.623,0.0305,0.937,0.873,0.287,0.228,123.735,0.1380436363636364,-0.0817023636363636,0.0191631818181818,0.1406520818181818,-0.0790378454545454,0.0082771363636363,0.0435677727272727,-0.1553442363636363,110,pop
Young Nudy,0.451,0.876,-5.205,0.414,0.261,0.0,0.098,0.227,87.306,0.0574175,-0.0521967692307692,0.035546923076923,0.0744974951923077,-0.0329527548076923,-0.0254766346153846,0.0293764711538461,-0.0759788413461538,208,hip hop
Young Thug,0.91,0.585,-7.572,0.257,0.0536,0.0,0.127,0.599,129.011,0.135792101910828,-0.0251379745222929,0.0467048726114649,0.143519152866242,-0.0170807101910828,0.0190581305732484,0.0894054904458598,-0.1135611719745223,314,hip hop
YoungBoy Never Broke Again,0.7809999999999999,0.636,-6.722,0.3385,0.05595,0.0,0.4175,0.5720000000000001,153.948,0.0720647902097902,-0.0387811223776223,0.0294695629370629,0.0822190546328671,-0.027515166083916,-0.0069761993006993,0.038681472027972,-0.0775938439685314,247,hip hop
Yung Gravy,0.723,0.772,-6.784,0.0792,0.00524,1.15e-05,0.367,0.58,102.004,0.1597507509881423,-0.0495430750988142,0.0471453952569169,0.1680684229249011,-0.0407984822134387,0.0169095652173913,0.0899933675889328,-0.1476911778656126,253,hip hop
Yung Lean,0.601,0.712,-9.433,0.0436,0.0848,0.0,0.461,0.389,114.97,0.1222269879518072,-0.100333469879518,0.0008811445783132,0.1209726867469879,-0.1017970722891566,0.0031528734939759,0.0135591506024096,-0.157522,166,hip hop
Zac Brown Band,0.566,0.713,-4.25,0.0418,0.645,0.0,0.114,0.805,169.861,0.1666623529411764,-0.0855542352941176,0.0359391176470588,0.1740207450980392,-0.0776864470588235,0.0083068980392156,0.0681185960784313,-0.177983862745098,255,country
Zach Bryan,0.44775,0.431,-9.116,0.051,0.4735,4.175e-06,0.15895,0.291,147.42475,0.1136490115440115,-0.0778867671957671,0.0165995050067777,0.1177787754503913,-0.0733885356694652,0.0004586006865188,0.0313886256821461,-0.1351757528204119,1087,country
blackbear,0.744,0.732,-3.036,0.0522,0.0264,0.0,0.352,0.387,121.086,0.0840280349344978,-0.0280708034934497,0.0426528602620087,0.0972986419213973,-0.0134403449781659,-0.004499270742358,0.0592967161572052,-0.0783042751091703,229,pop
blink-182,0.587,0.866,-2.864,0.0571,0.00297,0.0,0.136,0.63,145.916,0.1205738697318007,-0.0799353486590038,0.010132356321839,0.1209523065134099,-0.0796890842911877,0.00710738697318,0.0291774597701149,-0.1418748659003831,261,rock
d4vd,0.571,0.501,-9.948,0.02785,0.4985,0.00407135,0.2225,0.2575,132.0385,0.1300373463268365,-0.0616101779110444,0.0415091887389638,0.1414940887368815,-0.0490702959561885,8.269958770616703e-06,0.0653534953356655,-0.1347493735736298,439,pop
j-hope,0.783,0.722,-4.864,0.0357,0.00537,0.00209,0.105,0.306,97.031,0.1597990476190476,-0.0675564761904761,0.0464545238095238,0.1704675428571428,-0.056042419047619,0.0075913523809523,0.0809106761904762,-0.1601667523809524,105,hip hop
lil Shordie Scott,0.763,0.501,-15.187,0.116,0.278,0.674,0.0907,0.332,139.414,0.1132374257425742,-0.0602531287128712,0.0375281683168316,0.1248651980198019,-0.0474290792079207,-0.0045427524752475,0.054755504950495,-0.121830405940594,101,hip hop
mazie,0.783,0.472,-8.392,0.0427,0.22,0.000458,0.0798,0.589,122.052,0.1076009150326797,-0.1022405098039215,0.0172502287581699,0.1165052418300653,-0.0921638562091503,-0.0161538562091503,0.0172119346405228,-0.1475513137254902,153,pop
